<metadata xml:lang="en"><Esri><CreaDate>20190329</CreaDate><CreaTime>14521400</CreaTime><ArcGISFormat>1.0</ArcGISFormat><SyncOnce>FALSE</SyncOnce><DataProperties><lineage><Process ToolSource="c:\program files (x86)\arcgis\desktop10.5\ArcToolbox\Toolboxes\Data Management Tools.tbx\AddField" Date="20190329" Time="145214">AddField C:\Users\econr01\Documents\Scratch\Scratch.gdb\EmbudoCanyon_MultipleParts Zone TEXT # # 15 # NULLABLE NON_REQUIRED #</Process><Process ToolSource="c:\program files (x86)\arcgis\desktop10.5\ArcToolbox\Toolboxes\Data Management Tools.tbx\CopyFeatures" Date="20190329" Time="145214">CopyFeatures polygonLayer "C:\Users\econr01\Desktop\Tribal AOI Maps\EmbudoMultipleParts_Zone_Labels.shp" # 0 0 0</Process><Process ToolSource="c:\program files (x86)\arcgis\desktop10.5\ArcToolbox\Toolboxes\Data Management Tools.tbx\CalculateField" Date="20190329" Time="145214">CalculateField "C:\Users\econr01\Desktop\Tribal AOI Maps/EmbudoMultipleParts_Zone_Labels.shp" Zone autoIncrement(!FID!) PYTHON "def autoIncrement(fid):\n            fid = int(fid)\n            fid += 1\n            return "Polygon " + str(fid)"</Process><Process ToolSource="c:\program files (x86)\arcgis\desktop10.5\ArcToolbox\Toolboxes\Analysis Tools.tbx\Intersect" Date="20190329" Time="145215">Intersect "'C:\Users\econr01\Desktop\Tribal AOI Maps/EmbudoMultipleParts_Zone_Labels.shp' #;'C:\Users\econr01\Desktop\Tribal AOI Maps/EmbudoMultipleParts_binarySlope.shp' #" "C:\Users\econr01\Desktop\Tribal AOI Maps\EmbudoMultipleParts_intersect.shp" ALL # INPUT</Process><Process ToolSource="c:\program files (x86)\arcgis\desktop10.5\ArcToolbox\Toolboxes\Data Management Tools.tbx\AddField" Date="20190329" Time="145215">AddField "C:\Users\econr01\Desktop\Tribal AOI Maps/EmbudoMultipleParts_intersect.shp" Acres DOUBLE # # # # NULLABLE NON_REQUIRED #</Process><Process ToolSource="c:\program files (x86)\arcgis\desktop10.5\ArcToolbox\Toolboxes\Data Management Tools.tbx\CalculateField" Date="20190329" Time="145215">CalculateField "C:\Users\econr01\Desktop\Tribal AOI Maps/EmbudoMultipleParts_intersect.shp" Acres !shape.area@acres! PYTHON #</Process><Process ToolSource="c:\program files (x86)\arcgis\desktop10.5\ArcToolbox\Toolboxes\Data Management Tools.tbx\AddField" Date="20190329" Time="145216">AddField "C:\Users\econr01\Desktop\Tribal AOI Maps/EmbudoMultipleParts_intersect.shp" Slope TEXT # # 20 # NULLABLE NON_REQUIRED #</Process><Process ToolSource="c:\program files (x86)\arcgis\desktop10.5\ArcToolbox\Toolboxes\Data Management Tools.tbx\CalculateField" Date="20190329" Time="145216">CalculateField "C:\Users\econr01\Desktop\Tribal AOI Maps/EmbudoMultipleParts_intersect.shp" Slope slopeVal(!GRIDCODE!) PYTHON "def slopeVal(grid):\n                degree_sign = u'\N{DEGREE SIGN}'\n                if grid == 0:\n                    return "&gt; 30%"\n                elif grid == 1:\n                    return "&lt; 30%" "</Process><Process ToolSource="c:\program files (x86)\arcgis\desktop10.5\ArcToolbox\Toolboxes\Data Management Tools.tbx\Dissolve" Date="20190329" Time="145216">Dissolve "C:\Users\econr01\Desktop\Tribal AOI Maps/EmbudoMultipleParts_intersect.shp" "C:\Users\econr01\Desktop\Tribal AOI Maps\EmbudoMultipleParts_Slope30_Summary.shp" Zone;Slope "Acres SUM" MULTI_PART DISSOLVE_LINES</Process><Process ToolSource="c:\program files (x86)\arcgis\desktop10.5\ArcToolbox\Toolboxes\Data Management Tools.tbx\AddField" Date="20190329" Time="145216">AddField "C:\Users\econr01\Desktop\Tribal AOI Maps/EmbudoMultipleParts_Slope30_Summary.shp" GraphLabel TEXT # # 30 # NULLABLE NON_REQUIRED #</Process><Process ToolSource="c:\program files (x86)\arcgis\desktop10.5\ArcToolbox\Toolboxes\Data Management Tools.tbx\CalculateField" Date="20190329" Time="145216">CalculateField "C:\Users\econr01\Desktop\Tribal AOI Maps/EmbudoMultipleParts_Slope30_Summary.shp" GraphLabel graphLabel(!Zone!, !Slope!) PYTHON "def graphLabel(zone, slope):\n            return zone + ": " + slope"</Process></lineage><itemProps><itemName Sync="TRUE">EmbudoMultipleParts_Slope30_Summary</itemName><imsContentType Sync="TRUE">002</imsContentType><itemSize Sync="TRUE">0.000</itemSize><itemLocation><linkage Sync="TRUE">file://\\GOWCK7RMD2\C$\Users\econr01\Desktop\Tribal AOI Maps\EmbudoMultipleParts_Slope30_Summary.shp</linkage><protocol Sync="TRUE">Local Area Network</protocol></itemLocation></itemProps><coordRef><type Sync="TRUE">Projected</type><geogcsn Sync="TRUE">GCS_North_American_1983</geogcsn><csUnits Sync="TRUE">Linear Unit: Meter (1.000000)</csUnits><projcsn Sync="TRUE">NAD_1983_UTM_Zone_13N</projcsn><peXml Sync="TRUE">&lt;ProjectedCoordinateSystem xsi:type='typens:ProjectedCoordinateSystem' xmlns:xsi='http://www.w3.org/2001/XMLSchema-instance' xmlns:xs='http://www.w3.org/2001/XMLSchema' xmlns:typens='http://www.esri.com/schemas/ArcGIS/10.5'&gt;&lt;WKT&gt;PROJCS[&amp;quot;NAD_1983_UTM_Zone_13N&amp;quot;,GEOGCS[&amp;quot;GCS_North_American_1983&amp;quot;,DATUM[&amp;quot;D_North_American_1983&amp;quot;,SPHEROID[&amp;quot;GRS_1980&amp;quot;,6378137.0,298.257222101]],PRIMEM[&amp;quot;Greenwich&amp;quot;,0.0],UNIT[&amp;quot;Degree&amp;quot;,0.0174532925199433]],PROJECTION[&amp;quot;Transverse_Mercator&amp;quot;],PARAMETER[&amp;quot;False_Easting&amp;quot;,500000.0],PARAMETER[&amp;quot;False_Northing&amp;quot;,0.0],PARAMETER[&amp;quot;Central_Meridian&amp;quot;,-105.0],PARAMETER[&amp;quot;Scale_Factor&amp;quot;,0.9996],PARAMETER[&amp;quot;Latitude_Of_Origin&amp;quot;,0.0],UNIT[&amp;quot;Meter&amp;quot;,1.0],AUTHORITY[&amp;quot;EPSG&amp;quot;,26913]]&lt;/WKT&gt;&lt;XOrigin&gt;-5120900&lt;/XOrigin&gt;&lt;YOrigin&gt;-9998100&lt;/YOrigin&gt;&lt;XYScale&gt;450445547.3910538&lt;/XYScale&gt;&lt;ZOrigin&gt;-100000&lt;/ZOrigin&gt;&lt;ZScale&gt;10000&lt;/ZScale&gt;&lt;MOrigin&gt;-100000&lt;/MOrigin&gt;&lt;MScale&gt;10000&lt;/MScale&gt;&lt;XYTolerance&gt;0.001&lt;/XYTolerance&gt;&lt;ZTolerance&gt;0.001&lt;/ZTolerance&gt;&lt;MTolerance&gt;0.001&lt;/MTolerance&gt;&lt;HighPrecision&gt;true&lt;/HighPrecision&gt;&lt;WKID&gt;26913&lt;/WKID&gt;&lt;LatestWKID&gt;26913&lt;/LatestWKID&gt;&lt;/ProjectedCoordinateSystem&gt;</peXml></coordRef></DataProperties><SyncDate>20190329</SyncDate><SyncTime>14521600</SyncTime><ModDate>20190329</ModDate><ModTime>14521600</ModTime></Esri><dataIdInfo><envirDesc Sync="TRUE"> Version 6.2 (Build 9200) ; Esri ArcGIS 10.5.1.7333</envirDesc><dataLang><languageCode value="eng" Sync="TRUE"></languageCode><countryCode value="USA" Sync="TRUE"></countryCode></dataLang><idCitation><resTitle Sync="TRUE">EmbudoMultipleParts_Slope30_Summary</resTitle><presForm><PresFormCd value="005" Sync="TRUE"></PresFormCd></presForm></idCitation><spatRpType><SpatRepTypCd value="001" Sync="TRUE"></SpatRepTypCd></spatRpType></dataIdInfo><mdLang><languageCode value="eng" Sync="TRUE"></languageCode><countryCode value="USA" Sync="TRUE"></countryCode></mdLang><distInfo><distFormat><formatName Sync="TRUE">Shapefile</formatName></distFormat><distTranOps><transSize Sync="TRUE">0.000</transSize></distTranOps></distInfo><mdHrLv><ScopeCd value="005" Sync="TRUE"></ScopeCd></mdHrLv><mdHrLvName Sync="TRUE">dataset</mdHrLvName><refSysInfo><RefSystem><refSysID><identCode code="26913" Sync="TRUE"></identCode><idCodeSpace Sync="TRUE">EPSG</idCodeSpace><idVersion Sync="TRUE">6.13(3.0.1)</idVersion></refSysID></RefSystem></refSysInfo><spatRepInfo><VectSpatRep><geometObjs Name="EmbudoMultipleParts_Slope30_Summary"><geoObjTyp><GeoObjTypCd value="002" Sync="TRUE"></GeoObjTypCd></geoObjTyp><geoObjCnt Sync="TRUE">0</geoObjCnt></geometObjs><topLvl><TopoLevCd value="001" Sync="TRUE"></TopoLevCd></topLvl></VectSpatRep></spatRepInfo><spdoinfo><ptvctinf><esriterm Name="EmbudoMultipleParts_Slope30_Summary"><efeatyp Sync="TRUE">Simple</efeatyp><efeageom code="4" Sync="TRUE"></efeageom><esritopo Sync="TRUE">FALSE</esritopo><efeacnt Sync="TRUE">0</efeacnt><spindex Sync="TRUE">FALSE</spindex><linrefer Sync="TRUE">FALSE</linrefer></esriterm></ptvctinf></spdoinfo><eainfo><detailed Name="EmbudoMultipleParts_Slope30_Summary"><enttyp><enttypl Sync="TRUE">EmbudoMultipleParts_Slope30_Summary</enttypl><enttypt Sync="TRUE">Feature Class</enttypt><enttypc Sync="TRUE">0</enttypc></enttyp><attr><attrlabl Sync="TRUE">FID</attrlabl><attalias Sync="TRUE">FID</attalias><attrtype Sync="TRUE">OID</attrtype><attwidth Sync="TRUE">4</attwidth><atprecis Sync="TRUE">0</atprecis><attscale Sync="TRUE">0</attscale><attrdef Sync="TRUE">Internal feature number.</attrdef><attrdefs Sync="TRUE">Esri</attrdefs><attrdomv><udom Sync="TRUE">Sequential unique whole numbers that are automatically generated.</udom></attrdomv></attr><attr><attrlabl Sync="TRUE">Shape</attrlabl><attalias Sync="TRUE">Shape</attalias><attrtype Sync="TRUE">Geometry</attrtype><attwidth Sync="TRUE">0</attwidth><atprecis Sync="TRUE">0</atprecis><attscale Sync="TRUE">0</attscale><attrdef Sync="TRUE">Feature geometry.</attrdef><attrdefs Sync="TRUE">Esri</attrdefs><attrdomv><udom Sync="TRUE">Coordinates defining the features.</udom></attrdomv></attr><attr><attrlabl Sync="TRUE">Zone</attrlabl><attalias Sync="TRUE">Zone</attalias><attrtype Sync="TRUE">String</attrtype><attwidth Sync="TRUE">15</attwidth><atprecis Sync="TRUE">0</atprecis><attscale Sync="TRUE">0</attscale></attr><attr><attrlabl Sync="TRUE">Slope</attrlabl><attalias Sync="TRUE">Slope</attalias><attrtype Sync="TRUE">String</attrtype><attwidth Sync="TRUE">20</attwidth><atprecis Sync="TRUE">0</atprecis><attscale Sync="TRUE">0</attscale></attr><attr><attrlabl Sync="TRUE">SUM_Acres</attrlabl><attalias Sync="TRUE">SUM_Acres</attalias><attrtype Sync="TRUE">Double</attrtype><attwidth Sync="TRUE">19</attwidth><atprecis Sync="TRUE">0</atprecis><attscale Sync="TRUE">0</attscale></attr></detailed></eainfo><mdDateSt Sync="TRUE">20190329</mdDateSt></metadata>
